Date,"Adjusted net enrollment rate, primary (% of primary school age children)","Adjusted net enrollment rate, primary, female (% of primary school age children)","Adjusted net enrollment rate, primary, male (% of primary school age children)",Adolescents out of school (% of lower secondary school age),"Adolescents out of school, female (% of female lower secondary school age)","Adolescents out of school, male (% of male lower secondary school age)","Agriculture, forestry, and fishing, value added (annual % growth)",Children out of school (% of primary school age),"Children out of school, female (% of female primary school age)","Children out of school, male (% of male primary school age)","Children out of school, primary","Children out of school, primary, female","Children out of school, primary, male","Compulsory education, duration (years)","Contributing family workers, female (% of female employment) (modeled ILO estimate)","Contributing family workers, male (% of male employment) (modeled ILO estimate)","Contributing family workers, total (% of total employment) (modeled ILO estimate)","Employers, female (% of female employment) (modeled ILO estimate)","Employers, male (% of male employment) (modeled ILO estimate)","Employers, total (% of total employment) (modeled ILO estimate)",Employment in agriculture (% of total employment) (modeled ILO estimate),"Employment in agriculture, female (% of female employment) (modeled ILO estimate)","Employment in agriculture, male (% of male employment) (modeled ILO estimate)",Employment in industry (% of total employment) (modeled ILO estimate),"Employment in industry, female (% of female employment) (modeled ILO estimate)","Employment in industry, male (% of male employment) (modeled ILO estimate)",Employment in services (% of total employment) (modeled ILO estimate),"Employment in services, female (% of female employment) (modeled ILO estimate)","Employment in services, male (% of male employment) (modeled ILO estimate)","Employment to population ratio, 15+, female (%) (modeled ILO estimate)","Employment to population ratio, 15+, male (%) (modeled ILO estimate)","Employment to population ratio, 15+, total (%) (modeled ILO estimate)","Employment to population ratio, 15+, total (%) (national estimate)","Employment to population ratio, ages 15-24, female (%) (modeled ILO estimate)","Employment to population ratio, ages 15-24, male (%) (modeled ILO estimate)","Employment to population ratio, ages 15-24, total (%) (modeled ILO estimate)",Exports of goods and services (annual % growth),Final consumption expenditure (annual % growth),GDP growth (annual %),GDP per capita growth (annual %),GDP per person employed (constant 2017 PPP $),General government final consumption expenditure (annual % growth),GNI growth (annual %),GNI per capita growth (annual %),"GNI per capita, Atlas method (current US$)","GNI, Atlas method (current US$)","Government expenditure on education, total (% of GDP)","Government expenditure on education, total (% of government expenditure)",Gross capital formation (annual % growth),Gross fixed capital formation (annual % growth),"Gross intake ratio in first grade of primary education, female (% of relevant age group)","Gross intake ratio in first grade of primary education, male (% of relevant age group)","Gross intake ratio in first grade of primary education, total (% of relevant age group)",Households and NPISHs Final consumption expenditure (annual % growth),Households and NPISHs Final consumption expenditure per capita growth (annual %),Imports of goods and services (annual % growth),"Industry (including construction), value added (annual % growth)",International migrant stock (% of population),"International migrant stock, total","Labor force participation rate for ages 15-24, female (%) (modeled ILO estimate)","Labor force participation rate for ages 15-24, male (%) (modeled ILO estimate)","Labor force participation rate for ages 15-24, total (%) (modeled ILO estimate)","Labor force participation rate, female (% of female population ages 15+) (modeled ILO estimate)","Labor force participation rate, female (% of female population ages 15-64) (modeled ILO estimate)","Labor force participation rate, male (% of male population ages 15+) (modeled ILO estimate)","Labor force participation rate, male (% of male population ages 15-64) (modeled ILO estimate)","Labor force participation rate, total (% of total population ages 15+) (modeled ILO estimate)","Labor force participation rate, total (% of total population ages 15+) (national estimate)","Labor force participation rate, total (% of total population ages 15-64) (modeled ILO estimate)","Labor force, female (% of total labor force)","Labor force, total","Literacy rate, adult female (% of females ages 15 and above)","Literacy rate, adult male (% of males ages 15 and above)","Literacy rate, adult total (% of people ages 15 and above)","Literacy rate, youth (ages 15-24), gender parity index (GPI)","Literacy rate, youth female (% of females ages 15-24)","Literacy rate, youth male (% of males ages 15-24)","Literacy rate, youth total (% of people ages 15-24)","Lower secondary completion rate, female (% of relevant age group)","Lower secondary completion rate, male (% of relevant age group)","Lower secondary completion rate, total (% of relevant age group)","Manufacturing, value added (annual % growth)",Net intake rate in grade 1 (% of official school-age population),"Net intake rate in grade 1, female (% of official school-age population)","Net intake rate in grade 1, male (% of official school-age population)","Persistence to last grade of primary, female (% of cohort)","Persistence to last grade of primary, male (% of cohort)","Persistence to last grade of primary, total (% of cohort)",Poverty gap at $1.90 a day (2011 PPP) (%),Poverty gap at $3.20 a day (2011 PPP) (%),Poverty gap at $5.50 a day (2011 PPP) (%),Poverty headcount ratio at $1.90 a day (2011 PPP) (% of population),Poverty headcount ratio at $3.20 a day (2011 PPP) (% of population),Poverty headcount ratio at $5.50 a day (2011 PPP) (% of population),"Preprimary education, duration (years)","Primary completion rate, female (% of relevant age group)","Primary completion rate, male (% of relevant age group)","Primary completion rate, total (% of relevant age group)","Primary education, duration (years)","Primary education, pupils","Primary education, pupils (% female)","Primary education, teachers","Primary education, teachers (% female)",Progression to secondary school (%),"Progression to secondary school, female (%)","Progression to secondary school, male (%)","Pupil-teacher ratio, lower secondary","Pupil-teacher ratio, preprimary","Pupil-teacher ratio, primary","Pupil-teacher ratio, secondary","Pupil-teacher ratio, upper secondary",Ratio of female to male labor force participation rate (%) (modeled ILO estimate),Refugee population by country or territory of asylum,Refugee population by country or territory of origin,"Repeaters, primary, female (% of female enrollment)","Repeaters, primary, male (% of male enrollment)","Repeaters, primary, total (% of total enrollment)","School enrollment, preprimary (% gross)","School enrollment, preprimary, female (% gross)","School enrollment, preprimary, male (% gross)","School enrollment, primary (% gross)","School enrollment, primary (% net)","School enrollment, primary (gross), gender parity index (GPI)","School enrollment, primary and secondary (gross), gender parity index (GPI)","School enrollment, primary, female (% gross)","School enrollment, primary, female (% net)","School enrollment, primary, male (% gross)","School enrollment, primary, male (% net)","School enrollment, primary, private (% of total primary)","School enrollment, secondary (% gross)","School enrollment, secondary (% net)","School enrollment, secondary (gross), gender parity index (GPI)","School enrollment, secondary, female (% gross)","School enrollment, secondary, female (% net)","School enrollment, secondary, male (% gross)","School enrollment, secondary, male (% net)","School enrollment, secondary, private (% of total secondary)","School enrollment, tertiary (% gross)","School enrollment, tertiary (gross), gender parity index (GPI)","School enrollment, tertiary, female (% gross)","School enrollment, tertiary, male (% gross)","Secondary education, duration (years)","Secondary education, general pupils","Secondary education, general pupils (% female)","Secondary education, pupils","Secondary education, pupils (% female)","Secondary education, teachers","Secondary education, teachers (% female)","Secondary education, teachers, female","Secondary education, vocational pupils","Secondary education, vocational pupils (% female)","Self-employed, female (% of female employment) (modeled ILO estimate)","Self-employed, male (% of male employment) (modeled ILO estimate)","Self-employed, total (% of total employment) (modeled ILO estimate)","Services, value added (annual % growth)","Tertiary education, academic staff (% female)",Trained teachers in primary education (% of total teachers),"Trained teachers in primary education, female (% of female teachers)","Trained teachers in primary education, male (% of male teachers)",Trained teachers in secondary education (% of total teachers),"Unemployment, female (% of female labor force) (modeled ILO estimate)","Unemployment, male (% of male labor force) (modeled ILO estimate)","Unemployment, total (% of total labor force) (modeled ILO estimate)","Unemployment, total (% of total labor force) (national estimate)","Unemployment, youth female (% of female labor force ages 15-24) (modeled ILO estimate)","Unemployment, youth male (% of male labor force ages 15-24) (modeled ILO estimate)","Unemployment, youth total (% of total labor force ages 15-24) (modeled ILO estimate)","Vulnerable employment, female (% of female employment) (modeled ILO estimate)","Vulnerable employment, male (% of male employment) (modeled ILO estimate)","Vulnerable employment, total (% of total employment) (modeled ILO estimate)","Wage and salaried workers, female (% of female employment) (modeled ILO estimate)","Wage and salaried workers, male (% of male employment) (modeled ILO estimate)","Wage and salaried workers, total (% of total employment) (modeled ILO estimate)"
1971,,,,,,,2.333308771,28.3155098,35.75851822,21.19522095,131000000,80800000,50100000,,,,,,,,,,,,,,,,,,,,,,,,6.297603771,4.519682408,4.341362676,2.162125157,,3.8510863,,,861.4804753,3.23961E+12,,,2.105039996,,96.15172,113.4579,104.9975,4.668222979,2.482158769,5.489942998,,,,,,,,,,,,,,,,,,,,,,,,,,,,,,67.33023,66.69332,66.97868,,,,,,,,,,73.72608948,6,412000000,43.40846,14600000,54.84182,,,,,,28.23694,16.24282,,,,,8.68971,10.65226,9.80035,15.55792999,15.12386036,15.9734602,89.1638,71.57806,0.80185,0.78915,79.16531,63.8255,98.72878,78.99449,9.87475,42.71839,,0.76291,36.8611,,48.3164,,,9.913760185,0.727779984,8.328789711,11.44417,6,175000000,42.11572,198000000,42.16679,12200000,,,22800000,42.56013,,,,,,,,,,,,,,,,,,,,,,
1972,,,,,,,0.405390009,27.45462036,34.72515869,20.49765968,130000000,80200000,49500000,,,,,,,,,,,,,,,,,,,,,,,,8.94744728,5.425898805,5.760942746,3.655480832,,3.43228768,5.660899649,3.557429367,970.115746,3.72224E+12,,,6.287863695,,96.81683,114.132,105.6651,6.039848746,3.928834442,8.316002193,,,,,,,,,,,,,,,,,,,,,,,,,,,,,,67.07895,66.40328,66.70576,,,,,,,,,,73.9493103,6,426000000,43.3928,15300000,54.03064,,,,,,27.836,16.45203,,,,,8.59985,10.62722,9.74748,15.34401035,14.90802002,15.76191998,90.13874,72.43951,0.80114,0.78839,79.9923,64.85866,99.84758,79.6934,9.6636,44.56188,,0.76275,38.44824,,50.40747,,,10.10785007,0.734809995,8.537949562,11.6192503,6,186000000,42.09,210000000,42.17234,12800000,,,23600000,42.82168,,,,,,,,,,,,,,,,,,,,,,
1973,,,,,,,4.624325724,25.2652607,31.77127075,19.03815079,122000000,75100000,47000000,,,,,,,,,,,,,,,,,,,,,,,,10.78894508,5.17977079,6.554097871,4.482273556,,3.400349883,6.55596063,4.484100096,1172.944403,4.58971E+12,,,10.43589977,7.649070841,97.44983,115.1528,106.4923,5.686371779,3.631419419,11.72217523,,,,,,,,,,,,,,,,,,,,,,,,,,,,,,66.50002,66.06329,66.25917,,,,,,,,,,74.48117828,6,449000000,43.33081,15800000,53.72863,,,,,19.50343,28.36033,16.49009,,,,,8.41638,10.40726,9.54459,15.38080025,14.91619015,15.82676029,92.89253,74.63163,0.79891,0.78977,82.30685,67.83525,103.0244,81.13666,9.45346,45.94697,,0.77116,39.89568,,51.73461,,,10.33358002,0.750760019,8.837260246,11.77099991,6,196000000,42.38075,220000000,42.44701,13400000,,,24400000,42.97823,,,,,,,,,,,,,,,,,,,,,,
1974,,,,,,,3.097645093,24.56522942,30.82045937,18.57438087,121000000,74400000,46800000,,,,,,,,,,,,,,,,,,,,,,,,9.510633356,1.86347008,1.940221387,0.01047,,3.416353583,1.565502735,-0.357155143,1373.34058,5.47755E+12,,,0.198692298,-1.832118181,97.85006,115.3613,106.7895,1.371202646,-0.547777087,5.674597625,,,,,,,,,,,,,,,,,,,,,,,,,,,,,,66.76599,66.38809,66.55753,,,,,,,,69.76538086,79.27648163,74.63008881,6,464000000,43.22603,16300000,53.25343,,,,,19.7771,28.48107,16.37319,,,,,8.15904,10.15249,9.2908,15.59477043,15.16205978,16.0105896,93.91714,75.33089,0.795,0.79135,82.98668,68.7001,104.3856,81.68143,9.10776,46.16109,,0.78345,40.44714,,51.62722,,,10.65289974,0.762950003,9.194970131,12.05193996,6,201000000,42.84149,226000000,42.83877,13800000,49.28605,6812607,25300000,42.81714,,,,,30.7302,,,,,,,,,,,,,,,,,
1975,,,,,,,3.562207414,23.44255066,29.21698952,17.90772057,118000000,71900000,46000000,,,,,,,,,,,,,,,,,,,,,,,,-4.185163695,3.356734504,0.715000657,-1.120046809,,5.849147988,0.403142049,-1.426223292,1540.065558,6.25653E+12,,,-6.511459264,-1.457399421,99.23354,117.1815,108.3914,2.689511813,0.818488358,-3.595474651,,,82720982,,,,,,,,,,,,,,,,0.829559982,69.98290253,84.36112213,77.33325195,,,,,,,,67.42919,66.92598,67.15147,,,,,,,,70.23745728,79.95384216,75.20726013,6,479000000,44.13121,16700000,52.64068,,,,,19.87997,28.62487,16.47001,,,,,7.92617,9.97251,9.06944,16.18247986,15.72846985,16.61870003,95.25463,76.42605,0.82413,0.81517,85.89549,70.24341,104.2254,82.35213,8.66437,46.65221,,0.79625,41.25661,,51.81382,,,11.14177036,0.77384001,9.695489883,12.52898979,6,208000000,43.29341,234000000,43.23618,14200000,48.96241,6955677,25900000,42.77727,,,,,30.62429,,,,,,,,,,,,,,,,,
1976,,,,,,,1.444120875,22.83834076,28.56686974,17.34273911,117000000,71700000,45400000,,,,,,,,,,,,,,,,,,,,,,,,8.888167779,4.435380746,5.384932393,3.526548363,,2.834475678,5.125123543,3.271321047,1619.114032,6.69574E+12,,,9.217562744,5.095927176,99.78678,118.0355,109.0954,5.070393576,3.217556202,9.450728633,,,,,,,,,,,,,,,,58.42026138,75.5037384,66.91512299,0.830240011,70.03350067,84.3533783,77.33719635,,,,,,,,68.50249,67.72661,68.07532,,,,,,,,70.75776672,80.53092194,75.75611115,6,491000000,44.65779,17200000,52.6604,,,,,20.2779,28.63334,16.72747,,,,,7.78764,9.84504,8.92625,17.91313934,17.44766998,18.36009979,95.86127,77.05546,0.84117,0.82805,87.43496,70.8253,103.9449,83.03229,8.58576,48.2702,,0.80142,42.84415,,53.46035,,,11.6526804,0.775129974,10.14964962,13.09418964,6,221000000,43.37881,248000000,43.39232,14800000,48.43432,7184016,27400000,43.50104,,,,,30.87454,,,,,,,,,,,,,,,,,
1977,,,,,,,2.945750447,22.80018044,28.96203995,16.88574028,119000000,74100000,45000000,,,,,,,,,,,,,,,,,,,,,,,,4.443470594,3.400048701,4.005530018,2.217123551,,2.100927668,3.726051843,1.942451088,1716.552818,7.22289E+12,,,3.811725211,4.314743448,100.7678,118.5571,109.842,3.830785238,2.04538356,4.962529715,,,,,,,,,,,,,,,,58.61988068,75.68166351,67.10687256,0.832899988,70.31479645,84.42149353,77.51895142,,,,,,,,69.86779,68.82987,69.29524,,,,,,,,71.47640991,81.08628845,76.39048004,6,500000000,44.78579,17400000,51.78189,,,,,20.87687,28.73086,16.98142,,,,,7.76767,9.74755,8.86085,20.92754936,20.39653015,21.43648911,95.859,77.09193,0.84508,0.83226,87.65976,70.58396,103.729,83.33856,8.50666,49.28703,,0.80727,43.926,,54.41308,,,11.73628044,0.800199986,10.4094696,13.00864983,6,239000000,43.57988,267000000,43.56202,15800000,47.39908,7471003,28500000,43.41246,,,,,31.0463,,,,,,,,,,,,,,,,,
1978,,,,,,,1.997965745,23.82155037,30.74073982,17.18032074,127000000,80000000,46600000,,,,,,,,,,,,,,,,,,,,,,,,3.991747528,3.840775719,3.946260329,2.160474611,,3.497463812,4.021654159,2.234573184,1926.716642,8.24893E+12,,,3.825542163,5.542152676,100.0349,118.0805,109.2445,4.037554667,2.250200522,3.441719676,,,,,,,,,,,,,,,,59.1843605,76.05721283,67.58017731,0.840550005,71.1450119,84.64124298,78.03890228,,,,,,,,69.5692,68.67672,69.07829,,,,,,,,72.03172302,81.70097351,76.97628784,6,503000000,44.76871,17600000,53.40632,,,,,20.23921,28.57155,17.15189,,,,,7.73885,9.68769,8.81522,19.74291039,19.28141022,20.18408966,94.64184,76.06698,0.84452,0.83656,86.51452,68.86952,102.4427,82.97531,8.46237,49.15992,,0.821,44.22938,,53.87276,,,12.02472973,0.811399996,10.74930954,13.2478199,6,253000000,44.00091,282000000,43.9688,16400000,46.62143,7668769,29200000,43.69074,,,,,31.23906,,,,,,,,,,,,,,,,,
1979,,,,,,,1.026189747,23.49715042,30.53722,16.74412918,126000000,80400000,46000000,,,,,,,,,,,,,,,,,,,,,,,,5.962921227,3.7412493,4.158275704,2.354742369,,2.768655698,4.009702468,2.208741726,2279.21989,9.93006E+12,,,4.636607657,4.236389281,101.7491,119.1495,110.6363,3.912877875,2.113593682,7.610792521,,,,,,,,,,,,,,,,59.72891998,76.41294098,68.03115845,0.848140001,71.95635986,84.84024048,78.53903198,,,,,,,,69.70647,68.83195,69.22605,,,,,,,,72.6448822,82.21515656,77.53952026,6,512000000,44.75891,17900000,53.28304,,,,,20.13672,28.60349,16.96355,,,,,7.55333,9.40299,8.5751,19.97133064,19.53528023,20.38710976,95.19962,76.38643,0.84471,0.83882,87.03317,69.03861,103.0331,83.43466,8.3897,50.12803,,0.82745,45.29866,,54.74508,,,12.18369961,0.819509983,10.95223999,13.36441994,6,263000000,44.15017,294000000,44.16658,17400000,47.04001,8166188,31700000,44.30243,,,,,31.47742,,,,,,,,,,,,,,,,,
1980,,,,,,,2.658894257,22.34560013,29.22492027,15.75395012,122000000,77800000,43800000,,,,,,,,,,,,,,,,,,,,,,,,1.470431189,2.054825379,1.863006263,0.112380074,,2.6574342,1.340589292,-0.401058595,2611.90822,1.15785E+13,,,-0.016746538,1.205021693,101.4228,118.2281,110.0135,1.895207539,0.144027937,1.479362767,,,93716870,,,,,,,,,,,,,60.09354019,76.62133789,68.31707001,0.856100023,72.74107361,84.96807861,78.98171997,,,,,,,,69.28185,68.43458,68.81576,,,,,,,,73.45767212,82.85388184,78.26419067,6,525000000,44.80613,18500000,52.98283,,,,,20.26904,28.34571,16.82469,,,,,7.56224,9.38752,8.56968,20.98726082,20.55798912,21.39625931,96.53829,77.49952,0.84725,0.83934,88.39916,70.41066,104.3371,84.29195,8.36992,49.50078,,0.82481,44.65294,,54.13721,,,12.36913013,0.826240003,11.16973019,13.51881981,6,264000000,44.04401,297000000,44.09702,17700000,47.18863,8330200,32700000,44.52475,,,,,31.45754,,,,,,,,,,,,,,,,,
1981,,,,,,,4.045183265,21.53034019,28.13154984,15.21370029,118000000,75400000,42600000,,,,,,,,,,,,,,,,,,,,,,,,3.863930415,1.786866122,1.870292449,0.104383377,,2.974962718,1.499593265,-0.259889782,2715.737475,1.22511E+13,,,-1.171061757,0.431783798,101.5448,118.552,110.2451,1.66503868,-0.097312343,1.883624783,,,,,,,,,,,,,,,,60.81179047,77.01255798,68.87568665,0.86334002,73.45825958,85.08653259,79.38329315,,,,,,,,69.58468,68.92452,69.22285,18.1,31.6,47.8,42.7,57.4,66.5,,74.14723969,83.57528687,78.97110748,6,534000000,44.7974,19000000,52.76065,,,,,20.57577,28.16444,16.70502,,,,,7.42258,9.11312,8.3558,22.43008041,21.95923996,22.87838936,97.44668,78.33426,0.84809,0.83787,89.27508,71.56029,105.266,84.81621,8.37322,48.65971,,0.81987,43.74826,,53.36015,,,12.6600399,0.828679979,11.45106983,13.81846046,6,264000000,43.77503,298000000,43.96556,17800000,47.09653,8404039,33600000,45.46326,,,,,31.57191,,,,,,,,,,,,,,,,,
1982,,,,,,,4.781694979,21.08345985,27.54533005,14.90616989,116000000,74400000,42100000,,,,,,,,,,,,,,,,,,,,,,,,0.08473892,1.717487276,0.532136936,-1.245920864,,2.438111653,0.426294547,-1.349891275,2585.984911,1.18758E+13,,,-4.691125319,-2.810628116,101.2418,117.1287,109.3727,1.63037482,-0.167106922,-2.301802617,,,,,,,,,,,,,,,,61.376091,77.45818329,69.38105011,0.871710002,74.30084991,85.23577881,79.86863708,,,,,,,,70.06782,68.91035,69.43297,17.3,31.2,46.7,42.3,57.6,66.8,,74.56693268,84.00470734,79.3964386,6,541000000,44.71985,19500000,52.45769,,,,,20.23722,27.80012,16.57014,,,,,7.3157,8.98266,8.2372,22.81233978,22.35861015,23.24440956,97.91173,78.77231,0.84626,0.83538,89.59058,72.06261,105.8664,85.18651,8.42178,47.80753,,0.81663,42.88806,,52.5185,,,12.81457043,0.840719998,11.68389034,13.89754963,6,263000000,43.74875,298000000,43.88296,18000000,47.27996,8498931,34600000,44.9039,,,,,31.9127,,,,,,,,,,,,,,,,,
1983,,,,,,,3.167354642,20.83102036,27.16135025,14.78359985,116000000,73800000,42000000,,,,,,,,,,,,,,,,,,,,,,,,3.129575927,2.789318503,2.403140898,0.607968727,,2.109197696,2.631068116,0.83190028,2452.447234,1.14635E+13,,,8.602377904,0.328906132,102.6539,118.9022,110.9714,3.094037928,1.286754028,0.983607084,,,,,,,,,,,,,,,,62.05170822,77.85349274,69.92421722,0.876519978,74.82054901,85.36119843,80.20211792,,,,,,,,70.38276,69.31549,69.79583,16.3,30.4,45.4,41.4,57.8,67.2,,75.10405731,84.49157715,79.90865326,6,545000000,44.61343,19900000,52.4107,,,,,20.1027,27.42866,16.56853,,,,,7.20556,8.79247,8.08449,23.77960014,23.32979012,24.2081604,98.02538,79.02271,0.8432,0.83655,89.5123,72.47761,106.158,85.27529,8.46485,47.72572,,0.82581,43.08445,,52.17204,,,13.00244999,0.840610027,11.85439968,14.10221958,6,267000000,44.02051,302000000,44.16835,18200000,47.48907,8660687,35400000,45.28224,,,,,32.0922,,,,,,,,,,,,,,,,,
1984,,,,,,,5.331018867,20.58584976,26.66049004,14.7852602,115000000,72700000,42200000,,,,,,,,,,,,,,,,,,,,,,,,9.211019021,2.910353217,4.472081361,2.678165159,,1.38234644,4.315061056,2.523841089,2495.381185,1.1868E+13,,,11.61342335,4.417051904,103.0831,120.0974,111.7929,3.486689103,1.709693318,7.914027663,,,,,,,,,,,,,,,,62.72145844,78.24622345,70.45529175,0.883329988,75.53047943,85.50624847,80.62181091,,,,,,,,70.25719,69.19865,69.67594,14.8,29.2,43.4,39.8,57.4,67.2,,76.05049133,85.45462799,80.86402893,6,549000000,44.73692,20200000,52.89876,,,,,19.94209,27.23172,16.6426,,,,,7.02237,8.55253,7.86798,24.73749924,24.26378059,25.18918037,98.40017,79.26589,0.8478,0.83598,90.12358,72.94341,106.3034,85.30314,8.49985,48.02033,,0.81664,43.08049,,52.75314,,,13.34173012,0.843020022,12.18334961,14.45209026,6,271000000,43.73832,308000000,43.89552,18500000,47.66055,8839092,37100000,45.04342,,,,,32.39586,,,,,,,,,,,,,,,,,
1985,,,,,,,2.960863195,19.95779991,25.58065987,14.59010983,112000000,69800000,41700000,,,,,,,,,,,,,,,,,,,,,,,,4.0531134,3.403673423,3.677139562,1.895045291,,3.793906355,3.615474457,1.83444014,2576.152255,1.24665E+13,,,9.273731832,4.193652308,103.2213,119.8515,111.7345,3.442161871,1.664106605,3.672632577,,,104614205,,,,,,,,,,,,,63.31182861,78.60355377,70.93419647,0.889289975,76.14579773,85.62505341,80.98436737,,,,,,,,70.9846,70.04465,70.47088,13.9,28.2,42.7,38.2,56.8,67,,76.50051117,85.86086273,81.29106903,6,552000000,44.8755,20300000,53.9124,77.77073,,,,19.78017,27.14291,16.78841,,,,,6.79823,8.23441,7.58991,25.80468941,25.17287064,26.40700912,98.78557,79.89322,0.8528,0.83726,90.76991,74.01937,106.4375,85.5005,8.49337,46.87666,,0.81115,41.89448,,51.64854,,,13.40168953,0.847599983,12.27525043,14.48231983,6,269000000,43.62039,305000000,43.72156,18200000,47.31019,8602454,36500000,44.46511,,,,,32.52266,,,,,,,,,,,,,,,,,
1986,,,,,,,2.221081252,19.18841934,24.30820084,14.30220032,107000000,66400000,40900000,,,,,,,,,,,,,,,,,,,,,,,,2.566195309,3.585236869,3.430696442,1.633510286,,3.437954486,3.223627296,1.430039121,2845.697846,1.40143E+13,,,2.697394421,4.459238104,102.8702,118.1865,110.7118,3.62658433,1.825994474,5.466050979,,,,,,,,,,,,,,,,63.85536957,78.9378891,71.37555695,0.894840002,76.70865631,85.72363281,81.31179047,,,52.17155075,,,,,71.89886,71.1569,71.49666,13.3,27.4,42,36.8,55.9,66.5,,76.67796326,85.98703766,81.44107819,6,560000000,45.24102,20800000,54.63254,77.88537,,78.65822,,19.78676,26.93052,16.7685,,,,,6.77772,8.18866,7.55034,27.17671967,26.59033012,27.7354393,100.1737,80.66337,0.8657,0.85109,92.80676,75.27758,107.2046,85.80347,8.48795,49.68775,,0.82762,44.90839,,54.26199,,,13.31231976,0.841910005,12.14861012,14.42973995,6,286000000,44.12837,326000000,44.19882,19500000,48.1332,9368373,40600000,44.69416,,,,,32.44415,,,,,,,,,,,,,,,,,
1987,,,,,,,2.279044343,18.87636948,23.76914978,14.20680046,106000000,65200000,40800000,,,,,,,,,,,,,,,,,,,,,,,,6.000539345,3.196373838,3.685656054,1.869324786,,3.157314805,3.684835003,1.868518118,3320.796699,1.66457E+13,,,0.60256297,4.819769366,101.8607,114.921,108.5478,3.323682423,1.513692091,6.70324101,,,,,,,,,,,,,,,,64.54350281,79.42774963,71.96198273,0.900189996,77.52716827,86.1234436,81.91021729,48.10818863,55.48880005,52.37807846,,,,,73.28247,72.78989,73.01532,12.7,26.8,41.7,35.8,55.7,66.9,,76.502388,85.75727844,81.23668671,6,558000000,45.40004,20800000,54.86759,78.4576,,79.36064,,19.76547,26.83477,16.69962,,,,,6.50573,7.87605,7.25392,28.37260056,27.76231003,28.95385933,99.37374,80.97392,0.87127,0.85744,92.38936,75.79281,106.0395,85.91865,8.51369,50.5073,,0.83564,45.8937,,54.92061,,,13.40837955,0.844980001,12.26124954,14.51066017,6,292000000,44.28033,334000000,44.42382,20000000,48.25396,9655007,41700000,45.42964,,,,,32.48923,,,,,,,,,,,,,,,,,
1988,,,,,,,5.215480252,18.21488953,22.92701912,13.71881008,103000000,63300000,39700000,,,,,,,,,,,,,,,,,,,,,,,,7.736464138,3.516358888,4.630059944,2.810132287,,2.115257557,4.445718904,2.628997661,3920.035675,1.99972E+13,,,-3.270048995,6.833608991,101.2998,114.3563,107.9866,4.121720807,2.310635164,8.114167226,,,,,,,,,,,,,,,,66.58944702,80.77902222,73.66123199,0.895860016,77.9017868,86.95786285,82.51753235,48.57949829,56.02856064,52.38954163,,,,,73.32682,73.05403,73.17923,11.7,25.6,40.9,33.8,54.8,66.9,,76.5071106,85.71975708,81.22022247,6,565000000,45.48552,21200000,55.47283,77.30675,76.45073,78.02166,,19.8256,26.6785,16.55048,,,,,6.45628,7.79682,7.18707,28.97816086,28.22233963,29.69746017,99.95025,81.63435,0.87449,0.86052,93.11169,76.60216,106.4753,86.43582,8.63942,50.88071,,0.83838,46.31615,,55.24453,,,13.28590012,0.862290025,12.28555965,14.24761963,6,296000000,44.36516,338000000,44.49026,20500000,48.30624,9878892,42300000,45.36662,,,,,32.57755,,,,,,,,,,,,,,,,,
1989,,,,,,,2.430019505,17.53502083,22.0134697,13.26383018,100000000,61400000,38800000,,,,,,,,,,,,,,,,,,,,,,,,7.346508133,3.044657589,3.726664517,1.954122138,,2.836778829,4.01021252,2.232824705,4064.645177,2.10954E+13,,,6.294684273,5.653336484,100.0395,112.2624,106.3015,3.307098092,1.541725511,8.38501054,,,,,,,,,,,,,,,,67.13362122,81.09641266,74.09586334,0.899129987,78.34825134,87.1377182,82.83589172,48.76995087,56.26419067,53.11624146,,,,,73.37979,73.08512,73.22061,13.3,27.3,42,36.9,55.7,66.9,,76.11100006,85.24723053,80.78582001,6,572000000,45.53349,21800000,55.61678,78.01279,77.13454,78.74144,,19.81587,26.25206,16.37279,,,,,6.37396,7.6816,7.08618,28.78334045,28.12409019,29.41012001,100.1363,82.31129,0.87658,0.86382,93.40487,77.56444,106.5563,86.83847,8.76966,50.92208,,0.84339,46.50599,,55.14154,,,13.41242027,0.872659981,12.48377991,14.30539989,6,297000000,44.52298,340000000,44.62324,20700000,48.44581,10100000,42400000,45.32658,,,,,32.79097,,,,,,,,,,,,,,,,,
1990,,,,,,,3.791318926,17.59519005,22.00968933,13.38753033,102000000,62100000,39600000,,,,,,,,,,,,,,,,,,,,,,,,5.461723066,2.922404927,2.978322308,1.221678929,,2.24622896,2.680606021,0.9290412,4215.354977,2.22573E+13,,,8.567055245,3.812416262,101.0841,112.9406,107.161,3.319132669,1.556675617,5.625841194,,2.879644999,152269004,49.68220006,66.60788907,58.31745825,51.18621382,56.03189803,80.14912555,84.2751315,65.62443436,,70.32214454,39.11736365,2325055698,67.46974945,81.18704987,74.31614685,0.903190017,78.84146118,87.29180145,83.15769196,48.97380066,56.41809845,53.30580902,,,,,74.61105,74.26845,74.42631,12.9,26.9,41.7,36.2,55.5,67.1,,76.52409363,85.30873871,81.01953888,6,577000000,45.66497,22000000,56.27963,79.81551,78.87771,80.59867,,19.42176,26.21584,16.18552,,66.82612188,19850545,19850545,6.17386,7.4193,6.85057,28.69512939,28.0088501,29.34691048,99.7824,81.97659,0.88177,0.86755,93.37215,77.24896,105.8923,86.48271,8.88475,51.30421,,0.84485,46.89882,,55.51143,,,13.62082005,0.890169978,12.81472969,14.39585018,6,301000000,44.68167,343000000,44.65405,21200000,48.72165,10300000,42300000,44.45768,,,,,33.08802,,,,,,,,,,,,,,,,,
1991,,,,,,,0.514213482,17.35856056,21.67414093,13.24820042,102000000,62200000,39900000,,29.42105831,13.40309023,19.66046574,1.151205394,3.697180336,2.702151243,43.69908789,42.76543719,44.30349022,21.86343088,18.69358854,23.89586028,34.43797736,38.54230858,31.79900476,48.69470428,76.21642337,62.41418328,,44.82671138,59.41430088,52.2670775,2.747308771,1.685684754,1.508461234,-0.157334279,22931.53885,1.724627467,1.441830051,-0.222872017,4349.445097,2.33484E+13,,,-3.814654121,-1.043153477,98.57558,109.6196,104.2387,1.652113083,-0.016039815,0.184640701,,,,49.13743607,66.26672232,57.87747233,51.15507812,56.02107824,80.0569165,84.23418165,65.56223447,,70.29433615,39.12882889,2365832505,68.18643951,81.5842514,74.87671661,0.905510008,79.16635895,87.42735291,83.36087799,49.68173981,56.99671936,53.94509888,,,,,74.79444,74.42515,74.59586,12.8,26.8,41.8,36,55.5,67.5,,76.7820282,85.53317261,81.26026917,6,583000000,45.87446,22300000,56.45773,81.088,80.0195,81.97291,,19.21229,26.15986,16.21533,,66.85157406,19429141,19429141,6.09042,7.22556,6.70482,28.70478058,28.15313911,29.22809982,99.10123,82.27477,0.88989,0.87431,93.1952,77.75459,104.7264,86.58001,8.89667,52.41469,,0.84987,48.07086,,56.56236,,,13.80298996,0.900279999,13.06507015,14.51218987,6,309000000,44.86806,351000000,44.796,21700000,48.95424,10600000,42300000,44.27028,54.990913,56.60738095,55.9711245,,33.13189,,,,,4.810238189,4.798851697,4.801820524,,10.99363395,10.84314875,10.84893331,53.84058097,52.91423432,53.26981852,45.00987732,43.39348551,44.02920197
1992,,,,,,,2.807952235,17.60894012,21.8760891,13.54763985,105000000,63800000,41500000,,29.13613873,13.25101279,19.47198053,1.133879008,3.647005977,2.662167197,43.47445235,42.56651833,44.06131603,21.73036084,18.49547044,23.81459657,34.79616716,38.94187118,32.12470118,48.65866622,76.00133772,62.28801281,,44.2349914,58.97673514,51.75580487,2.75550715,2.380122773,1.776938622,0.200851186,22913.87064,1.231569748,1.361808692,-0.207850165,4664.723595,2.54348E+13,,,-2.148658234,-2.176221705,98.42234,108.6956,103.6924,2.698729591,1.108367575,3.032730974,,,,48.59230482,65.97581071,57.45991655,51.1647571,56.04282611,79.96410424,84.18751958,65.52301061,,70.27674253,39.16206902,2408837488,68.65705872,82.01960754,75.32282257,0.907790005,79.54582977,87.62605286,83.67269897,50.74679947,58.10086823,55.01137161,,,,,75.19676,74.85917,75.01525,12.4,26.3,41.5,35.1,55.1,67.8,,76.62447357,85.01000214,80.91575623,6,589000000,46.03108,22500000,56.84393,82.76177,81.69642,83.64376,,19.53277,26.12866,16.36444,,66.92070225,20545162,20545162,5.75608,6.87046,6.3575,28.91727066,28.3104496,29.49227905,98.46058,82.04808,0.89617,0.88002,92.94323,77.6501,103.7118,86.23389,9.03666,53.7584,,0.85526,49.47493,,57.84781,,,14.03547001,0.919089973,13.43235016,14.61483002,6,318000000,45.06914,361000000,44.94851,22100000,49.11281,10800000,42500000,44.04447,54.82483452,56.52738688,55.85702489,,33.22143,,,,,4.899668407,4.958234993,4.933969896,,11.23527166,11.14994116,11.12675557,53.68814372,52.88426949,53.19944835,45.17540319,43.47295907,44.14346974
1993,,,,,,,0.34115322,17.45981979,21.49558067,13.62150955,106000000,63900000,42600000,,28.74068261,13.02376632,19.17709612,1.130566028,3.57557443,2.61641371,42.76186729,41.75244261,43.41541465,21.72849793,18.46930796,23.82449211,35.51035827,39.77857137,32.7627267,48.36506785,75.57710919,61.93180001,,43.18019189,58.0729265,50.78097135,3.981335653,1.673657221,1.492362483,-0.071090305,22979.53303,0.979982816,0.95256895,-0.602568516,4746.73126,2.62869E+13,,,-0.802392595,-1.920967083,99.00405,109.2166,104.2451,1.878258054,0.308860685,1.581116932,,,,47.76260241,65.39257366,56.75698691,51.0207786,55.89992102,79.7571496,84.0267859,65.34694306,,70.12220119,39.15743376,2449084403,69.13553619,82.39572906,75.75018311,0.908140004,79.79467773,87.8661499,83.9159317,51.88748932,59.29637909,56.16410828,,,,,75.6878,75.29105,75.47502,12,25.8,41.3,34.3,54.8,68.2,,77.48415375,85.693367,81.68621063,6,600000000,46.16583,22900000,57.14655,82.59613,81.54955,83.45929,17.34015,19.99917,26.13342,16.50831,15.16787,66.91044819,19238525,19238525,5.60369,6.51944,6.09667,29.02099991,28.38422012,29.62368965,98.36819,82.09867,0.90169,0.88459,93.16222,77.9925,103.3194,86.00394,9.16846,55.18749,,0.85883,50.90609,,59.2738,,,14.05712986,0.936290026,13.58551979,14.50998974,6,329000000,45.19121,372000000,45.04479,22600000,49.36419,11100000,43700000,43.94374,54.66340253,56.41143002,55.72595735,,33.85754,,,,,5.206980015,5.241083262,5.227373649,,11.93409602,11.81722147,11.81152639,53.53548369,52.83671792,53.10689962,45.33699532,43.59095579,44.27450951
1994,,,,,,,1.192024344,17.37611961,21.18359947,13.75747013,108000000,64100000,43800000,,28.37260009,12.75200852,18.8773439,1.148517543,3.550861381,2.609707541,42.02077344,40.90608905,42.74414886,21.67894677,18.33176297,23.83686407,36.3017515,40.76283723,33.42442942,48.33271974,75.33177228,61.79252155,,42.44503044,57.50572933,50.12980031,8.758438906,2.514534391,2.946775756,1.404973809,23233.07624,0.877567731,2.292255731,0.760256327,4941.61771,2.77822E+13,,,5.939448437,2.663715216,98.93851,108.4641,103.829,3.01701836,1.474164411,9.075551023,,,,47.33291734,65.08854626,56.39286002,51.17837823,56.06841478,79.6675027,83.95910029,65.37725731,,70.16918209,39.26093661,2497086488,69.6680069,82.71090698,76.17237091,0.911660016,80.2215271,87.99497223,84.186203,52.4874382,59.73970032,56.65816116,,,,,75.96744,75.39771,75.66137,11.3,25,40.6,33.2,54.1,68.3,,78.13076019,86.13303375,82.22872162,6,611000000,46.25883,23300000,57.66829,83.9193,82.85909,84.79596,17.70224,20.035,26.20764,16.66528,15.08177,67.13443021,18846657,18846657,5.46324,6.36661,5.94872,28.90043068,28.26341057,29.50260925,98.2684,82.0904,0.90571,0.89146,93.28868,78.25015,103.0012,85.74019,9.29118,56.14912,,0.87034,52.17136,,59.94394,,,14.93653011,0.935760021,14.43105984,15.42181015,6,337000000,45.44106,383000000,45.36358,23000000,49.62865,11400000,45400000,44.78826,54.53704789,56.15395806,55.51874044,,33.93401,,,,,5.560035755,5.440885721,5.487653763,4.837422242,12.72080985,12.32262463,12.41735062,53.38899657,52.60291679,52.91038149,45.46352856,43.84651599,44.48154856
1995,,,,,,,1.451725342,17.64300919,21.4664402,14.0118103,112000000,66300000,45600000,,27.99859807,12.45597756,18.55271017,1.144262228,3.485347046,2.569325455,41.1158578,39.81795204,41.95273458,21.57148525,18.18367489,23.76045029,37.31334701,41.99858961,34.28802123,48.17490162,75.07605541,61.58552563,,41.44508538,56.75425308,49.25766319,8.937159016,2.361119827,3.020666633,1.49220308,23600.60023,1.127610224,2.708661411,1.184826916,5240.474679,2.99061E+13,,,4.039870204,3.660649912,99.20842,109.0587,104.2677,2.849269723,1.323349096,9.537627729,2.907155235,2.820618063,160448332,46.51882067,64.46528069,55.67812336,51.12313559,55.99430755,79.47648397,83.78668535,65.25528319,,70.04680722,39.29050523,2539457898,70.1975174,83.00013733,76.58119202,0.915180027,80.64411163,88.11807251,84.45596313,53.39385986,60.5318985,57.4562912,,,,,76.98684,76.21674,76.57357,10.5,23.9,39.7,31.3,52.9,67.5,,77.67445374,85.39373779,81.63054657,6,624000000,46.29946,23700000,58.22411,86.17113,85.11417,87.03998,18.04026,20.14156,26.29711,16.93109,15.22061,67.23092583,18141960,18141960,5.34964,6.20445,5.80868,29.39075089,28.74628067,29.99909973,98.34062,81.72236,0.90784,0.89619,93.47359,77.97821,102.963,85.27828,9.49394,57.13387,,0.87924,53.38069,,60.71231,,,15.53934956,0.948819995,15.12318039,15.93887043,6,347000000,45.68916,394000000,45.60105,23300000,49.83587,11600000,46600000,44.94429,54.33783376,55.90115023,55.28426885,,34.86628,,,,,5.764435757,5.53309285,5.625085984,,13.40374006,12.64626045,12.87606421,53.19519712,52.41062476,52.71943169,45.66313161,44.09974942,44.71603557
1996,,,,,,,5.008169879,17.80241013,21.40826035,14.38020992,115000000,67500000,47800000,,27.5743607,12.17251519,18.21507288,1.136539297,3.383587309,2.503027045,40.45169252,39.11323293,41.31880677,21.57611423,18.10479328,23.81718817,37.97323703,42.78609212,34.86536426,48.05711419,74.82754287,61.4017016,,40.58099584,55.95020383,48.4258052,6.318024808,3.028691078,3.430991951,1.949970181,24095.50495,1.239557755,3.36239296,1.882353455,5494.991455,3.18141E+13,,,-1.55549182,5.321360712,99.28982,108.7866,104.1699,3.550811511,2.068074053,6.741035034,3.045167594,,,45.68958067,63.72273004,54.89236571,51.04276939,55.91053365,79.2578296,83.61420072,65.10743952,,69.91311812,39.32047949,2583417458,70.73267365,83.28916931,76.99568939,0.918829978,81.06783295,88.2298584,84.72074127,54.55913162,61.35750961,58.41004181,,,,,77.02218,76.10369,76.53021,9.9,23.1,38.9,29.7,52,67.4,,76.84874725,84.27684784,80.65661621,6,632000000,46.34501,24000000,58.55109,86.76505,85.7454,87.61133,18.60775,20.26025,26.31457,17.09329,14.80619,67.30553901,16725191,16725191,5.20148,5.88175,5.56648,29.91201019,29.3210392,30.46891975,97.58082,81.44546,0.91013,0.89979,92.87551,77.91187,102.0465,84.79908,9.61109,58.1698,,0.88509,54.5437,,61.62482,,,15.69017029,0.954980016,15.32162952,16.04397964,6,359000000,45.82285,407000000,45.74962,23800000,50.26276,12000000,47700000,45.19909,54.05333791,55.64743577,55.02144277,,36.19516,,,,,5.849186778,5.586881954,5.690529759,5.570093412,13.59762559,12.89307335,13.10278149,52.91792784,52.26702242,52.520998,45.94703527,44.35350686,44.97911559
1997,,,,,,,1.090328986,17.56645012,20.99065018,14.31882954,116000000,67500000,48500000,,27.3265869,11.85848267,17.93631262,1.154398213,3.363286506,2.494181624,40.07890726,38.79481484,40.91167863,21.46081909,17.82634717,23.81226939,38.46076846,43.38124436,35.27660137,48.00212055,74.68535231,61.30107693,,39.7192369,55.2895704,47.66719872,9.75932362,2.963669704,3.707802777,2.248492701,24618.9692,1.656070596,3.688787155,2.229744655,5541.25645,3.25398E+13,,,3.278182478,3.921508359,100.2005,109.2064,104.831,3.225708394,1.773182042,10.21715336,2.945088675,,,44.83386088,63.04378408,54.12937781,51.01785299,55.86676045,79.09290448,83.4776367,65.01189698,,69.81991152,39.36223303,2627164709,73.56365967,84.52333832,79.02835083,0.927529991,82.26023102,88.68724823,85.5377121,56.65058136,62.96757889,60.24898911,,,,,77.17169,76.16786,76.63452,9.9,22.9,38.6,29.6,51.4,66.9,,76.56385803,83.76448059,80.25640869,6,641000000,46.47695,24200000,58.54951,86.75155,85.85172,87.50401,18.58851,20.0211,26.47088,17.34921,15.44541,67.40170246,15484076,15484076,4.96696,5.63974,5.32705,28.33609009,27.85227966,28.7895298,97.05143,81.48041,0.91558,0.90621,92.6662,78.14253,101.2105,84.64616,9.71035,58.51199,,0.89306,55.13022,,61.73205,,,16.47720909,0.967760026,16.20179939,16.74163055,6,368000000,46.12096,415000000,45.95535,24000000,50.75887,12200000,47500000,44.67137,53.94174291,55.5175096,54.89718494,,36.91782,,,,,5.908482809,5.574498085,5.704659006,,13.83623034,12.99131408,13.24256271,52.79113428,52.15411982,52.40368035,46.05900081,44.48540381,45.10360476
1998,,,,26.0468998,28.88204956,23.34885025,2.005737095,16.72826958,19.98986053,13.63799953,112000000,64800000,46700000,9,27.11764299,11.74719626,17.78712327,1.157730606,3.298226036,2.457254453,40.05212038,38.82730801,40.84870561,21.15756152,17.40581707,23.5865379,38.79245605,43.76989858,35.56513716,47.86220201,74.36842806,61.07200118,,38.87100262,54.48163606,46.8406203,4.69753179,2.962257182,2.560054877,1.152409649,24879.882,2.186753741,2.594451912,1.186334582,5306.569773,3.15953E+13,,,-3.480807773,2.219838111,100.4147,109.0476,104.8569,2.933748492,1.520974289,5.27607441,1.749940743,,,44.11074331,62.41027656,53.45365175,50.94876629,55.77531221,78.87823846,83.28860624,64.867633,,69.677404,39.39918093,2668243082,74.71395874,85.73027802,80.20594788,0.923629999,82.77554321,89.61974335,86.26222992,57.78459167,63.73303986,61.17227173,0.924625004,,,,77.49773,76.3929,76.90556,10.1,23,38.6,29.9,51.2,66.8,,77.01763153,83.87171936,80.53401947,6,651000000,46.52095,24500000,59.08654,86.88137,86.07132,87.56153,18.10733,20.31433,26.61422,17.52516,16.61645,67.47004211,15053820,15053820,4.9323,5.68916,5.33706,31.53124046,31.04434967,31.98745918,97.70825,82.04955,0.91813,0.91305,93.43028,78.88847,101.7615,85.04458,9.82467,59.19777,53.89543,0.90661,56.22964,51.54027,62.02203,56.13721,19.21026,17.3173008,0.973909974,17.08381081,17.54143906,6,383000000,46.51134,430000000,46.31247,24500000,51.43859,12600000,47000000,44.69357,54.00327449,55.61318995,54.97840678,3.098912181,37.14219,,,,,6.062077294,5.720204023,5.854128694,,14.35462127,13.44658974,13.69939406,52.84631337,52.31377324,52.52122713,45.99782391,44.38794464,45.02530178
1999,,,,26.13331032,28.99736977,23.40722084,3.570940944,15.70615005,18.65096092,12.9211998,105000000,60500000,44300000,9,26.66250659,11.52440766,17.48428753,1.193752797,3.289245727,2.46385559,40.06743049,39.0397665,40.73839132,20.91585913,17.01459703,23.44984986,39.01679594,43.94707684,35.81563644,47.8471002,74.17106974,60.96612865,,38.18694596,53.97566616,46.25101209,4.727791465,3.561671789,3.245240312,1.86819525,25333.28386,2.599926577,3.305429869,1.927582023,5312.407011,3.20577E+13,4.125610113,,1.47317357,3.37593704,100.2567,108.9162,104.7192,3.654266994,2.271766493,5.425452031,2.586538499,,,43.53065212,62.04958713,52.98616062,50.99962791,55.82334587,78.77574672,83.2146437,64.84062036,,69.66053495,39.45641808,2715841932,75.16027832,85.97084045,80.549263,0.927389979,83.24546051,89.76360321,86.57231903,59.01488876,64.50554657,62.13877106,2.971643403,,,,77.36785,76.4783,76.89081,9.6,22.4,38.2,28.8,50.8,67,3,77.45838165,83.96048737,80.79666138,6,654000000,46.59856,24600000,59.14727,87.53948,86.80774,88.1567,18.55962,19.30702,26.55149,17.54265,16.06912,67.59423062,15364642,15364642,4.91648,5.54098,5.24998,32.66469955,32.14199066,33.15333176,97.95245,82.74345,0.92271,0.9197,93.90964,79.89925,101.7758,85.43324,9.99027,59.30365,54.10659,0.91681,56.66793,51.83273,61.81015,56.27319,19.12928,18.39304924,0.988430023,18.28389931,18.49785042,6,392000000,46.77488,438000000,46.57634,25000000,52.37812,13100000,46800000,44.9142,54.04378549,55.67324459,55.03057167,3.388778822,37.93375,,,,,6.182606753,5.846566051,5.978623472,6.186681443,14.68194765,13.69550534,13.97243258,52.84737249,52.38427673,52.56667202,45.96054616,44.32754699,44.96982967
2000,,,,25.39722061,28.19895935,22.73477936,3.121394884,14.89914989,17.67230988,12.27935982,99200000,57100000,42000000,9,26.21599478,11.22382139,17.13331369,1.176867122,3.245939594,2.431358699,39.91035538,39.1206512,40.4251551,20.72177488,16.60297814,23.40030936,39.37101959,44.27787383,36.17771754,47.89924337,74.09373633,60.95247737,61.7108722,37.64483566,53.41250175,45.69866704,11.7235036,3.843909544,4.425403056,3.061817116,26041.19423,2.39300898,4.473687769,3.109471328,5498.259746,3.36182E+13,3.864680052,13.36015987,3.975068541,5.150529449,101.8774,110.7053,106.4287,4.137918516,2.778086547,12.31739668,4.991539864,2.833672768,172278883,42.82634498,61.3628923,52.2963873,50.94574061,55.74637381,78.5639002,83.01960287,64.7082816,64.41243068,69.52551347,39.49464411,2761804065,75.34387207,86.05889893,80.6754303,0.927900016,83.28266144,89.75428009,86.57405853,60.48698044,65.52567291,63.33863068,6.190979951,,,,77.09716,75.79606,76.40035,9.2,21.7,37.3,27.8,49.6,65.9,3,78.60758972,84.8306427,81.80348206,6,657000000,46.59285,25000000,59.49485,87.86488,87.31224,88.32428,18.64903,18.36543,26.30914,17.74911,16.42786,67.69700608,15935134,15935134,4.89794,5.5617,5.25244,33.58666992,33.06864929,34.07012177,98.78522,83.36606,0.92349,0.92126,94.74893,80.68304,102.5983,85.9007,10.10056,59.93377,54.93954,0.91956,57.36025,52.71753,62.37825,57.05331,19.17372,19.07941055,0.994700015,19.02762985,19.12907028,6,406000000,46.81782,452000000,46.62152,25500000,51.62912,13200000,45800000,44.88101,53.73633587,55.42958842,54.76096621,4.115177106,38.43256,,,,,5.982454689,5.689672773,5.804660271,5.345202906,14.56237888,13.60569927,13.86667811,52.56015913,52.18175483,52.32991379,46.2651906,44.57334904,45.24051439
2001,,,,24.87359047,27.44272041,22.43379974,1.630867398,14.47504997,17.13150978,11.96986961,95100000,54600000,40500000,9,25.77514667,11.06739029,16.86529559,1.184760365,3.320758859,2.478845183,39.57006824,38.8350691,40.04930085,20.62990542,16.39619365,23.3829705,39.80159862,44.77241038,36.56733422,47.65159479,73.6950404,60.63071036,,36.88374411,52.64032825,44.93388652,0.471891679,2.857915853,1.95300111,0.647012094,26317.27978,2.925822287,1.929661026,0.62397099,5475.867455,3.39157E+13,4.020309925,14.46177006,-1.582361984,0.28097175,103.2625,111.7373,107.6345,2.770489076,1.454028271,0.775686663,-0.102634865,,,42.07947499,60.61282526,51.54750792,50.69541804,55.49335523,78.21569197,82.72841327,64.41289965,65.09224928,69.25456163,39.47454765,2798178816,75.79277039,86.24223328,80.99337006,0.932290018,83.76416016,89.8480072,86.87619019,62.05841827,66.71861267,64.67814636,-1.256164886,,,,78.61979,76.71229,77.59943,8.8,21.1,36.6,26.9,48.6,65.2,3,79.74786377,85.34792328,82.62763977,6,654000000,46.68522,25200000,59.80332,89.15952,88.62734,89.59834,18.83275,18.51863,26.0185,18.1802,17.17534,67.64134066,16043088,16043088,4.7961,5.26644,5.04686,34.1652298,33.73485184,34.56636047,99.58042,83.60714,0.92854,0.92499,95.78657,81.01112,103.1582,86.05532,10.3671,60.35044,55.54719,0.92188,57.83647,53.60913,62.73735,57.39193,19.00754,20.13375092,0.997910023,20.11223984,20.15439034,6,418000000,46.88044,464000000,46.67399,25500000,51.94843,13300000,46300000,44.80934,53.42716644,55.17030895,54.48180126,2.727659037,38.79234,,,,,6.00800555,5.780685294,5.869660522,5.995922388,14.77267355,13.7820211,14.03532784,52.24585405,51.84918405,52.00694672,46.57332692,44.83049654,45.51867174
2002,,,,23.63812065,25.83883095,21.55014992,1.863438274,14.14288998,16.72065926,11.71500015,92000000,52800000,39300000,9,25.37332577,10.8713823,16.58840204,1.183673922,3.330159766,2.4855288,39.34762882,38.75134106,39.73462064,20.30653353,15.82136413,23.224425,40.34666588,45.43073052,37.04184106,47.36188262,73.21354092,60.25170643,,36.297328,51.77518862,44.2078555,2.891978126,2.677844839,2.168781675,0.880728153,26701.51485,2.956595901,1.972491784,0.686912911,5432.843998,3.40789E+13,3.972559929,14.55163527,6.90517422,-0.725045456,105.0977,113.181,109.2728,2.505236814,1.212941563,2.681605653,1.158030085,,,41.63167522,59.91771005,50.97870788,50.51451233,55.32866629,77.90827583,82.48513681,64.17150401,,69.04837173,39.47440702,2839836076,76.22312164,86.60540009,81.39530945,0.933889985,84.34622192,90.31732941,87.38614655,64.11688995,68.35385132,66.49343109,1.052179297,,,,77.15744,75.89411,76.49255,8.3,20.2,35.6,25.7,47.2,64.1,3,80.41329193,86.00476837,83.28968811,6,650000000,46.7077,25200000,60.28692,89.38276,89.65542,89.11169,18.76386,17.97357,25.82453,18.17396,17.25652,67.63864321,14619220,14619220,4.74816,5.32053,5.05319,33.94812012,33.61196136,34.26139069,99.85798,83.82844,0.93056,0.92744,96.16283,81.39747,103.3383,86.11807,10.41488,61.20372,56.06077,0.92517,58.76468,54.37,63.518,57.67075,18.94025,21.67490005,1.023859978,21.94227028,21.41879082,6,432000000,46.99467,478000000,46.74654,26300000,52.06671,13700000,45700000,44.40095,53.19066797,54.98683447,54.27827053,2.531015652,39.18894,,,,,6.244716566,6.024391567,6.110880076,,15.11670529,14.20441466,14.4357593,52.01019974,51.65851344,51.79600003,46.81017613,45.01438932,45.72205169
2003,,,,21.7555809,23.56883049,20.03935051,2.662448538,12.72222996,14.3245697,11.2155304,82200000,44800000,37300000,9,25.12988767,10.69444364,16.38751327,1.182078225,3.354770246,2.498969435,38.87108877,38.41663895,39.16536529,20.34949998,15.67875834,23.3897259,40.78057143,45.90582045,37.44541813,47.18168814,72.87708553,59.99684011,,35.5927097,51.06369548,43.50204375,4.241422185,2.590203354,2.950230924,1.667715437,27295.54509,2.008245105,3.025902068,1.742443898,5830.299041,3.70334E+13,4.067439914,15.0490303,-2.061369094,3.01283072,109.3934,113.7779,111.658,2.672864477,1.393804317,5.380146737,3.365300411,,,40.9927067,59.1743765,50.29130448,50.40213225,55.21833287,77.59583325,82.20503149,63.96160408,,68.85517671,39.50758815,2884528156,76.81378174,87.0710907,81.92431641,0.935010016,84.8776474,90.77716827,87.88169861,66.36071014,69.7562027,68.2816925,3.497341217,,,,76.1386,74.92503,75.49934,7.9,19.6,34.9,24.7,46.3,63.5,3,81.8276825,86.11094666,84.03285217,6,655000000,47.20264,25900000,61.12087,89.53735,88.8923,90.07434,18.93788,17.45197,25.25962,18.09076,16.85155,67.71044193,13728696,13728696,4.64547,5.20066,4.9386,34.852211,34.50881958,35.17235947,101.4003,85.13168,0.95079,0.94476,98.76559,83.53928,103.8778,86.62903,11.08892,62.1955,56.94918,0.93869,60.17703,55.55534,64.10725,58.27267,19.15445,22.84617043,1.026759982,23.16291046,22.54301071,6,445000000,47.32648,491000000,47.06287,27100000,52.29614,14200000,45700000,44.49312,52.96681704,54.83547831,54.09985318,2.525445925,38.94335,,,,,6.385063906,6.079178923,6.200708576,6.404583664,15.38303789,14.33649383,14.60215538,51.78547322,51.48116685,51.60082389,47.03559699,45.16463217,45.90077378
2004,,,,20.88767052,22.45401001,19.4076004,4.312686271,11.51939011,13.02484989,10.10787964,76400000,41800000,34600000,9,24.50866313,10.41055246,15.96307869,1.207267588,3.404684853,2.540022053,37.82381623,37.30735923,38.15702426,20.69307382,15.84511689,23.84243735,41.48467358,46.85119775,38.00153638,47.12979356,72.92660519,59.99560745,,35.27321204,51.03382316,43.33583745,10.13208547,3.478662306,4.407677887,3.114352306,28158.51789,2.353417938,4.389908674,3.096803204,6643.673488,4.27291E+13,3.994359851,14.20266962,12.98326932,5.352038363,108.485,112.8618,110.7473,3.744764626,2.459650726,10.50776134,5.564061841,,,40.65405368,58.92686281,49.99925395,50.29324216,55.11575574,77.46062307,82.10534928,63.84168075,64.87813596,68.75411722,39.48718522,2932603775,77.29447937,87.42237091,82.34432983,0.939140022,85.51805878,91.06005859,88.3432312,67.30436707,70.71264648,69.21424866,5.598856042,,,,75.76229,74.56981,75.13148,7.1,18.3,33.5,22.9,44.5,62.1,3,82.53079224,86.48480988,84.56807709,6,676000000,47.15723,26600000,61.47121,89.58607,88.90205,90.15044,18.90834,17.22541,25.39072,18.12423,17.00315,67.64422353,13805229,13805229,4.58405,5.10184,4.85766,36.17079163,35.84112167,36.47829056,101.8936,86.16491,0.95182,0.94587,99.29935,84.72136,104.3259,87.51837,11.46252,63.16881,57.81391,0.94025,61.17136,56.57707,65.05834,58.98751,19.37797,23.68174934,1.036489964,24.13170052,23.25103951,6,453000000,47.3559,502000000,47.07361,27700000,52.27137,14500000,49300000,44.4825,52.55462523,54.30498156,53.61434085,3.67541315,39.37323,,,,,6.292227274,5.853655303,6.026956083,6.400196051,15.45360507,13.97301106,14.38173923,51.34683519,50.90049355,51.0763235,47.44674576,45.69738915,46.38615018
2005,,,,20.2074604,21.8565197,18.65254974,3.492631165,10.69392014,12.10196972,9.374480247,71000000,38900000,32200000,9,23.9337292,10.10823602,15.55413091,1.225156932,3.396007735,2.540449037,36.93097779,36.46938548,37.22782497,21.12770777,16.14612585,24.36548611,41.94240306,47.3849233,38.40695177,47.11200476,72.84559861,59.94988253,61.33930958,34.9437039,50.62285786,42.96862527,6.989467135,3.565671007,3.899393075,2.619802291,28955.537,1.89690664,3.862382601,2.583247626,7359.959206,4.79262E+13,4.056509972,13.99095011,4.315637391,5.870747888,108.7114,114.1922,111.5435,3.831166571,2.552416042,8.233308111,3.677491614,2.953319529,190789342,40.27960291,58.43871794,49.57495744,50.2212091,55.04207575,77.26613489,81.92334348,63.71411249,64.28715637,68.62855746,39.49988986,2978294304,77.14740753,87.39614868,82.26029968,0.935339987,85.45456696,91.36183929,88.47525787,67.91371155,71.130867,69.70838928,3.646451896,64.43939,64.18481,,75.07111,73.42172,74.20033,6.4,17,31.9,21,42.3,60.4,3,83.4691925,87.1264801,85.35643005,6,679000000,47.21002,26900000,61.93005,90.42706,89.91546,90.83426,18.60626,16.96969,25.24855,17.87212,16.8431,67.65976455,13011239,13011239,4.48866,5.0998,4.81128,37.83752823,37.5608902,38.09524918,102.2071,86.78988,0.95437,0.95046,99.74496,85.44083,104.5143,88.05403,12.1043,64.09902,58.49775,0.94731,62.31661,57.44694,65.78259,59.49344,19.86847,24.34046936,1.047250032,24.94300079,23.76454926,6,459000000,47.44829,509000000,47.22272,28500000,52.33405,14900000,50400000,45.17038,52.03755173,53.72839308,53.06257858,4.028115704,39.97344,,,,,6.193752126,5.721236073,5.907434567,5.496415999,15.59391041,13.92507241,14.36846328,50.81291763,50.33010049,50.52218697,47.96476908,46.27390524,46.94079714
2006,,,,19.81473923,21.29140091,18.42465019,2.495880803,10.4323597,11.63319969,9.307959557,69500000,37500000,32000000,9,23.02148008,9.661603528,14.91113221,1.24270179,3.386228693,2.544573732,35.79818126,35.23642945,36.16237943,21.63806897,16.401927,25.02753574,42.56611183,48.36254228,38.81309107,46.97457109,72.84776275,59.88625666,61.2616319,34.59040685,50.36139612,42.66622359,8.642482945,3.429873132,4.367086833,3.085023576,29977.16878,2.280221968,4.4263897,3.143597957,7854.052629,5.17797E+13,4.001780033,14.03530025,8.473586621,5.671435838,108.1798,113.0615,110.7035,3.593423495,2.320864051,9.015962729,5.158713124,,,39.64481913,57.79041746,48.93496624,49.90216501,54.70489754,77.02968341,81.71458752,63.43856685,64.31048228,68.35903536,39.41090461,3014916548,77.81728363,87.46090698,82.52599335,0.940389991,86.09037018,91.54747772,88.76425934,68.61328888,71.39922333,70.17253113,5.390892982,64.92183,64.69375,65.13577,75.62857,74.25713,74.90581,6.2,16.5,31.1,20.3,41.2,59.2,3,84.10645294,87.45220184,85.83396149,6,681000000,47.29994,27100000,61.98095,91.35401,90.87938,91.71657,18.30713,17.47324,25.14194,17.66707,16.79332,67.478489,14325353,14325353,4.37077,5.02752,4.71688,40.19266129,39.90174103,40.46358109,102.2951,87.21038,0.95856,0.95425,100.0609,86.01105,104.3872,88.33337,12.55775,65.28713,59.11553,0.95036,63.57823,58.15202,66.89885,60.02987,20.14406,25.19053078,1.061290026,26.0055294,24.41173935,6,464000000,47.47343,516000000,47.2656,29000000,51.95752,15100000,51700000,45.39991,51.33397964,53.00564271,52.34901714,3.973234061,40.37002,,,,,5.871283409,5.429903012,5.601949011,5.761990262,15.07631477,13.40575816,13.84436174,50.09186648,49.62003276,49.80572849,48.66675513,46.99698129,47.65133383
2007,89.74708,,,19.02660942,20.51837921,17.62507057,1.472489539,9.053079605,10.36044979,7.829569817,60600000,33500000,27100000,9,22.21888689,9.250663834,14.34380033,1.260012776,3.335574887,2.5207156,34.85209619,34.30825339,35.20297818,22.20335867,16.72683278,25.74456048,42.94517981,48.96518361,39.05339642,46.94880237,72.87031736,59.88529672,,34.36930123,50.06894063,42.41344182,6.404520763,3.831370351,4.319245172,3.045864951,31035.96401,2.521753651,4.268181397,2.995424489,8371.664434,5.58742E+13,4.10503006,14.06704998,11.75187767,4.802129853,109.1508,113.3395,111.318,4.040379756,2.770403525,7.531153685,4.460651355,,,39.11741817,57.21472154,48.39022616,49.73608755,54.51095234,76.87008209,81.58288805,63.27836494,,68.19753728,39.37006052,3055194266,78.11154938,87.54667664,82.8167572,0.945490003,86.10571289,91.07019043,88.66706085,69.63720703,72.04618835,70.98622894,4.439565058,65.81821,65.64318,65.9823,76.42266,75.15148,75.75532,5.8,15.7,29.9,19.1,39.5,57.6,3,85.24777985,88.26216888,86.80657959,6,690000000,47.34697,27500000,61.89971,91.53891,91.31572,91.67171,18.17956,17.409,25.04689,17.34902,16.26311,67.41301269,15952928,15952928,4.40377,5.03158,4.73433,41.66856003,41.35546875,41.95973969,103.0686,88.44145,0.96086,0.95849,100.9446,87.16241,105.0563,89.63845,13.15919,66.95287,60.08915,0.95658,65.42257,59.15708,68.39228,60.96726,21.03576,26.03665924,1.065340042,26.93729019,25.17711067,6,470000000,47.57883,524000000,47.3611,30000000,51.61757,15500000,53900000,45.46306,50.7309672,52.2401129,51.65079147,4.135725771,40.70135,,,,,5.602423987,5.206877365,5.361982087,5.479672366,14.51719353,12.9903594,13.35284128,49.47100159,48.90297904,49.12811135,49.26953198,47.75997733,48.35293911
2008,,,,18.65494919,19.82361031,17.55857086,3.310626632,8.89428997,9.904080391,7.949419975,59700000,32100000,27500000,9,21.4962768,8.934237451,13.85903951,1.284930181,3.356173839,2.545400533,34.26124065,33.5908202,34.6946834,22.25869645,16.57465699,25.92462121,43.48084717,49.8367404,39.38171342,46.70153353,72.64338164,59.65156086,,33.94138102,49.50847056,41.92546403,2.857786505,1.898722919,1.858891084,0.610462074,31505.3563,2.683587863,1.614515168,0.36908134,8963.115892,6.0564E+13,4.341259956,14.18270493,0.846700543,0.42571429,109.5977,113.1038,111.4109,1.568203037,0.323336832,3.156666928,0.887455749,,,38.57961302,56.65481474,47.84813346,49.4213028,54.16530377,76.70614129,81.43381608,63.04207423,,67.95569971,39.25850937,3090713380,78.66420746,88.01052094,83.33973694,0.945590019,86.883461,91.88304138,89.45072174,70.87252045,72.92172241,72.02420044,-0.38127192,65.8307,65.65675,65.9946,78.39849,77.23831,77.79187,5.5,15.2,29.2,18.4,38.5,56.5,3,87.0345993,89.60785675,88.36345673,6,694000000,47.52058,27800000,62.04474,91.49653,91.24717,91.65536,17.83815,17.46949,24.97171,17.07093,16.09906,67.19814066,15160745,15160745,4.24736,4.92016,4.60044,43.35367966,43.0746994,43.61302948,103.4302,88.65773,0.96773,0.96522,101.6783,87.62318,105.0694,89.62576,13.53459,68.57693,60.84241,0.96273,67.23462,60.02488,69.83726,61.61238,21.45001,27.05990982,1.069689989,28.06117058,26.10569,6,476000000,47.71968,532000000,47.4763,31000000,51.60459,16000000,56200000,45.41816,50.19582702,51.7666423,51.15060762,2.144997534,41.19406,,,,,5.503767351,5.29587999,5.376596475,,14.41190936,13.10828897,13.3771956,48.91156511,48.40975016,48.6072516,49.80564409,48.23353376,48.84995971
2009,89.88673,89.20455,,18.26506042,19.17308044,17.41386986,2.101107049,8.99462986,9.76774025,8.272100449,60500000,31700000,28800000,9,20.99542041,8.747828423,13.54469357,1.308579119,3.367811491,2.560967675,33.69776511,32.86731345,34.23784523,22.19670595,16.36584892,25.9525332,44.10678307,50.76812546,39.81275643,46.17378059,71.87075597,59.00354649,,33.07120267,48.14988489,40.80928134,-10.09959693,0.731616805,-1.666425827,-2.85330843,31173.234,3.256973633,-1.740194588,-2.926186805,8994.713875,6.152E+13,4.663760185,14.02987003,-8.39696598,-8.895879512,106.7632,109.1002,107.9725,-0.206975286,-1.411473403,-11.78004996,-5.150524059,,,38.02375565,55.74241045,47.11629514,49.17355985,53.90259042,76.41719183,81.1714276,62.77658456,64.35289759,67.6955063,39.2190145,3123787960,79.07054901,88.19003296,83.62332916,0.947679996,87.05592346,91.86199951,89.52349854,71.83219147,73.37272644,72.70236206,-10.14771999,65.69045,65.49645,65.87284,78.21983,76.83072,77.49264,5.3,14.6,28.5,17.6,37.4,55.6,3,87.97203827,90.0644989,89.05419922,6,695000000,47.61061,28200000,62.31244,91.43735,,,17.55004,17.70114,24.68045,16.88514,16.04701,67.15820624,15162394,15162394,4.3808,5.0327,4.72232,44.99272919,44.70228958,45.2623291,103.3128,88.62895,0.97242,0.97222,101.8202,87.85407,104.7076,89.35312,14.15205,69.40159,61.3097,0.9727,68.4109,60.71055,70.33059,61.87435,21.98045,28.13414001,1.070950031,29.1950798,27.1236496,6,478000000,47.98745,536000000,47.70206,31600000,51.95436,16400000,57600000,45.3356,50.02005195,51.66904031,51.02137806,-0.421036001,41.62469,,,,,6.102932909,5.951738492,6.010123882,6.25099008,15.53618081,14.2340918,14.46751137,48.70936194,48.30442636,48.46234303,49.98037041,48.33341042,48.97934443
2010,89.73896,89.1279,90.40824,17.53335953,18.18071938,16.92645073,2.79011501,8.93723011,9.661780357,8.260219574,60400000,31500000,28900000,9,20.43274826,8.356647953,13.06818753,1.288939583,3.287600065,2.507179522,33.03142771,32.20402839,33.56309719,22.4971701,16.46334629,26.35939923,44.47366629,51.3336503,40.08030685,45.80472606,71.72938617,58.75092677,58.71114309,32.30462112,47.38897988,40.0529828,11.36313349,2.665239973,4.3103797,3.070103371,32411.04913,1.383464511,4.255419455,3.015796617,9425.689402,6.52435E+13,4.539659977,14.16016006,10.02847014,3.590979495,107.3538,109.9369,108.6907,3.002590948,1.777864552,11.84588027,6.581388032,3.215671332,221233994,37.14578041,54.78055608,46.20142085,48.77349274,53.49476605,76.15629661,80.95478495,62.44873918,61.77757528,67.38876952,39.09789942,3153247494,79.80432892,88.25145721,84.02162933,0.951579988,87.28591919,91.72731781,89.56742096,72.75389099,74.03098297,73.47331238,8.920640999,65.87157,65.51783,66.20433,78.01201,76.6492,77.29932,4.8,13.5,27,16,35.3,53.8,3,87.83096313,89.75753784,88.8272934,6,697000000,47.66035,28700000,62.72045,91.44477,91.62866,91.21799,17.62234,17.68612,24.31042,16.89097,15.98421,66.90121029,15239927,15239927,4.38962,4.95702,4.68659,46.51488876,46.34117126,46.6762619,103.1647,88.63339,0.97455,0.97123,101.7906,87.88409,104.4487,89.33354,14.75107,71.06453,62.54485,0.96756,69.85547,62.09554,72.1973,62.96926,22.60006,29.56594086,1.071539998,30.69171906,28.49593925,6,487000000,48.02286,546000000,47.54244,32200000,52.09839,16800000,59500000,43.61373,49.50408762,51.11419085,50.48442237,3.18209453,41.69327,,,,,6.091506694,5.811680183,5.920482932,5.39126082,15.76915413,14.22083755,14.52392506,48.2163448,47.82887012,47.97993342,50.49656257,48.88654035,49.51656698
2011,89.76079,89.34253,90.24007,17.21715927,17.67030907,16.79253006,3.830978287,8.938019753,9.449930191,8.459989548,60600000,30900000,29700000,9,19.7942374,8.004470757,12.59136063,1.29075332,3.285759682,2.509199251,32.04860486,31.13616809,32.63168794,22.86663271,16.64182371,26.8328598,45.08574216,52.222313,40.53653949,45.56815321,71.67410482,58.60634901,60.6077025,31.6967059,46.77594656,39.44816853,6.411670187,2.52908445,3.126799817,1.933909748,33284.35164,0.715881667,3.156617682,1.963382703,9913.070539,6.94201E+13,4.272140026,13.64705992,5.678139945,4.621004895,106.7666,109.1047,107.9767,2.986651133,1.795382194,6.744874117,3.746442278,,,36.37464703,54.09519425,45.4818726,48.44614169,53.1861925,75.99256664,80.83625131,62.20419475,64.00961842,67.17587891,38.98276238,3184506422,80.24646759,88.3727417,84.2837677,0.955820024,87.71172333,91.76557159,89.78325653,73.78704071,74.88237,74.39647675,2.82282255,66.77406,66.34296,67.17908,78.23766,76.70937,77.43852,4.1,12.1,25.3,13.9,32.9,52.1,3,87.45030975,89.34046173,88.42729187,6,702000000,47.70734,29100000,62.96843,91.68801,91.57362,91.72354,17.79098,17.72641,24.11758,17.02516,16.09995,66.69577185,15201674,15201674,4.37289,4.84054,4.61744,49.22346115,49.08306885,49.35388947,103.4997,88.65391,0.97698,0.97381,102.254,88.06601,104.6631,89.20291,15.52417,72.25551,63.53369,0.97027,71.12974,63.27635,73.30921,63.77674,23.23351,31.3987999,1.070539951,32.57754898,30.27968025,6,495000000,48.08363,555000000,47.58279,32500000,52.43497,17000000,60300000,43.47067,48.8039386,50.43229085,49.79884566,2.992236945,41.69134,,,,,5.93921768,5.68329032,5.783887616,5.849730442,15.74802101,14.30774126,14.59378374,47.51321137,47.15119307,47.29044956,51.19701535,49.56826531,50.20137676
2012,90.09036,89.50035,90.74577,16.68207932,16.89384079,16.48381996,1.362110129,8.606389999,9.295820236,7.963049889,58700000,30600000,28100000,9,19.20654577,7.703373529,12.17191859,1.325582367,3.337736928,2.556039196,31.14652048,30.06478126,31.8360806,23.30562801,16.94052398,27.34519297,45.54828584,52.99643514,40.82160584,45.31778955,71.54939432,58.42104058,58.86137238,30.97670487,46.00517069,38.70789937,2.805016316,2.093474116,2.519738704,1.320174194,33968.11499,0.844912344,2.449148064,1.250409522,10506.68298,7.44482E+13,4.207535028,14.36907005,2.874428404,3.243780621,105.987,108.275,107.1712,2.38626299,1.188260255,2.504633479,2.058573565,,,35.58318513,53.34334066,44.71841435,48.172762,52.93421643,75.85970048,80.7473546,62.00295775,61.82784483,67.0080152,38.88517676,3219002594,80.69907379,88.77896881,84.72968292,0.957989991,88.34899139,92.22332764,90.33693695,74.33088684,74.44560242,74.42389679,0.54251841,66.89536,66.46719,67.29769,76.83624,75.31441,76.04162,3.8,11.4,24.3,12.9,31.4,50.7,3,88.66542053,89.67767334,89.19033051,6,710000000,47.78197,29300000,63.31377,90.6942,90.44522,90.84775,17.86417,17.89986,24.19696,17.13973,16.27819,66.51850838,15416945,15416945,3.82481,4.3366,4.09206,52.28619003,52.1388588,52.42317963,104.1786,89.00668,0.98059,0.97731,103.1229,88.19405,105.1637,89.76498,16.01238,73.0687,63.79482,0.97363,72.06009,63.8382,74.01203,63.75537,23.86502,32.72045898,1.087280035,34.25651932,31.26659012,6,502000000,48.15862,562000000,47.64525,32800000,52.5116,17200000,60600000,43.395,48.00735596,49.73552654,49.06538824,2.787188433,41.64638,,,,,5.928014675,5.683244655,5.779611667,5.353330108,16.01069635,14.58730328,14.87309711,46.68340344,46.39866347,46.51274898,51.99337441,50.26489891,50.93480142
2013,90.28756,89.67569,90.95355,16.55805969,16.49094009,16.62080956,4.719002238,8.283009529,8.999500275,7.614309788,57100000,30000000,27200000,9,18.70610709,7.381780553,11.77644509,1.341035285,3.310920905,2.544566351,30.33981145,29.13849488,31.10622356,23.26908679,16.72278969,27.41839556,46.39183985,54.13985837,41.4759525,45.11358787,71.29755516,58.19325387,60.79136106,30.26222245,45.17225589,37.9375163,2.769050293,2.256586593,2.671507044,1.470256725,34735.00449,0.740548151,2.637116847,1.43626889,10886.13997,7.80501E+13,4.529429913,14.117805,3.581019454,2.38572107,105.4848,107.5616,106.5591,2.638873919,1.438005405,2.542635426,2.680287805,,,34.80460533,52.46936066,43.89808439,47.94740217,52.74857384,75.58740314,80.55205208,61.75445421,64.11878114,66.82073602,38.85659203,3251361338,80.93791199,88.9267807,84.93171692,0.960619986,88.7923584,92.43241119,90.67430878,74.58535767,74.10558319,74.36499023,1.522587303,67.32716,66.90688,67.72314,76.86315,74.9792,75.87888,3.4,10.3,22.7,11.4,29,48.6,4,88.99610901,89.48387146,89.24894714,6,717000000,48.22063,30500000,63.40032,90.50994,90.30597,90.62181,17.47601,18.27033,23.55038,17.68115,17.9494,66.45214515,16728287,16728287,3.57722,4.10244,3.84917,54.59891129,54.55535126,54.63941956,104.0191,88.99782,0.99779,0.99211,103.9002,88.20248,104.1301,89.74011,16.50876,74.48928,64.8996,0.98529,73.91869,64.8316,75.02248,64.96435,24.2423,33.44139099,1.096300006,35.18431091,31.79591942,6,509000000,48.48679,574000000,47.91619,32400000,53.19548,17300000,65200000,43.46294,47.59518735,49.31302686,48.64789456,2.489860279,41.80071,85.99536896,87.96701813,82.57996368,,5.910906791,5.673874306,5.767192313,5.631747146,16.30392669,14.73415861,15.0564223,46.25540131,46.00465424,46.10302584,52.40510448,50.68769305,51.35285691
2014,90.44798,89.76395,91.19433,16.61006927,16.40901947,16.79780006,2.876003928,8.170140266,8.932310104,7.458469868,56900000,30000000,26900000,9,18.2855457,7.142320943,11.46493346,1.342568048,3.34034435,2.565135658,29.43020245,28.13083387,30.25574858,23.29482802,16.6064219,27.53225335,47.2761406,55.26390201,42.21401061,44.97671909,71.14303775,58.04948994,60.4443084,29.77574256,44.56945166,37.39561965,3.585364136,2.384946308,2.87422163,1.674245952,35526.30815,1.110664604,3.006152062,1.804637482,11007.64975,7.98527E+13,4.629459858,13.97237015,4.27506191,2.858713716,104.5231,106.7914,105.696,2.681057256,1.483334742,3.259551172,3.408500408,,,34.16741718,51.64291064,43.17128095,47.73903752,52.59516763,75.30633749,80.36924305,61.51051294,,66.65704833,38.83833293,3283882819,81.52600861,89.21079254,85.36060333,0.963549972,89.26065063,92.63751221,90.99330139,75.09451294,74.54454803,74.83885956,2.839127001,68.20044,67.75053,68.62365,81.59682,78.98552,80.23122,3.2,9.8,21.8,10.7,27.7,47.3,4,88.63613892,89.35214996,89.00688171,6,716000000,48.23253,30800000,63.86667,90.66304,90.4861,90.75678,17.37316,17.75289,23.29472,17.62001,17.93834,66.42520669,19534044,19534044,3.29112,3.78154,3.545,54.94244003,54.83021164,55.04693985,102.7751,89.22588,0.9978,0.99437,102.658,88.33011,102.8845,90.0623,16.99063,75.31399,65.64805,0.99007,74.92544,65.6666,75.6766,65.63201,25.70791,35.78086853,1.103080034,37.7864418,33.89139938,6,517000000,48.55483,581000000,47.99342,32900000,53.09267,17500000,63500000,43.41648,47.1003666,48.93469026,48.22594018,2.746650515,41.94155,85.73683167,87.38758087,82.81906891,,5.786213716,5.528504736,5.627470239,5.587937999,16.34462403,14.54805695,14.92478853,45.76166744,45.59550938,45.66185523,52.89993033,51.06564384,51.7744872
2015,90.30999,89.5167,91.15254,15.93770027,15.90723038,15.96615982,2.56129452,8.287960052,9.170760155,7.463270187,58200000,31100000,27100000,10,17.7386117,6.793753754,11.03916407,1.371208671,3.377179496,2.598625536,28.83482413,27.52909758,29.66364332,23.12747583,16.305235,27.45041535,48.03766128,56.16662065,42.88702055,44.856963,70.95397611,57.89309715,,29.35393116,43.86243825,36.83194249,3.575044363,2.625639378,2.919034066,1.730074224,36327.25627,1.459535252,2.889253327,1.700637524,10672.38798,7.83255E+13,4.62432003,14.34759474,3.034071543,2.451896186,104.2481,106.6437,105.4874,2.742822393,1.555898216,2.756790577,3.091865175,3.346698752,243192681,33.80390967,50.95668115,42.64520611,47.63357374,52.56196343,75.08740022,80.23727292,61.3483237,64.33591004,66.57850411,38.85104555,3320446151,81.76899719,89.32727051,85.54232025,0.966319978,89.42568207,92.54245758,91.03014374,76.06334686,75.2752533,75.6872406,2.644709543,69.27181,68.79702,69.71645,82.15808,79.69871,80.87168,3.1,9.3,21,10.1,26.5,46,4,88.3411026,88.99852753,88.6810379,6,720000000,48.28504,31200000,64.43709,91.1741,90.95731,91.30774,17.26269,17.70922,23.10596,17.41341,17.60635,66.44522234,21351537,21351537,3.02441,3.48136,3.26072,56.25677109,56.01517868,56.48199844,102.4431,89.16969,0.99949,0.99497,102.4161,88.17368,102.4684,90.10014,17.19479,75.41965,65.71337,0.98925,74.99799,65.76561,75.81316,65.66595,25.96192,36.81166077,1.10442996,38.90523911,34.84225082,6,521000000,48.49577,583000000,47.96893,33500000,53.20862,17800000,61800000,43.52328,46.72151564,48.49724754,47.80889627,2.844012169,42.09579,84.54295349,86.19799805,81.54414368,,5.828562876,5.507106496,5.631483478,,16.72776551,14.75501899,15.1968891,45.35057445,45.12292488,45.2130888,53.27911815,51.50344456,52.19156239
2016,90.5136,89.63329,91.41351,15.75014019,15.73128986,15.76776981,1.913335836,8.090769768,9.023320198,7.219379902,57300000,30900000,26400000,10,17.16617394,6.584344911,10.68789744,1.397996181,3.407333858,2.62958707,28.32058994,26.9226555,29.21009138,23.00829047,16.06850987,27.4044511,48.67113665,57.01336803,43.38687608,44.71478397,70.68889416,57.69618651,,28.95661161,43.34239277,36.37535123,2.750527614,2.648703456,2.605572193,1.425241714,37131.0961,1.63606929,2.539357972,1.359789192,10414.61948,7.73232E+13,4.459100008,14.64034986,2.048439843,1.593632249,104.9381,107.4125,106.2175,2.783364432,1.600988706,2.168307714,2.781107738,,,33.45591401,50.45643233,42.22674494,47.5065212,52.53352533,74.82734466,80.10794973,61.15839726,,66.50119132,38.86141244,3355132152,82.30731201,89.6783371,85.98551178,0.969380021,89.9865036,92.82878113,91.44743347,76.40306091,75.70732117,76.07782745,1.470774791,70.12492,69.63442,70.58589,80.87547,78.84889,79.8143,3,8.9,20.3,9.7,25.4,44.8,4,88.52133942,89.09609985,88.81852722,6,736000000,48.50568,31400000,65.05486,90.86857,90.60188,91.04049,16.8994,17.82649,23.44392,17.09064,17.33722,66.49829708,22524734,22524734,2.9264,3.41432,3.17765,58.98500061,58.7648201,59.19028854,103.9168,89.41678,1.00767,1.00006,104.3273,88.33632,103.5332,90.42638,17.17335,75.65533,65.82859,0.99026,75.27206,65.8486,76.01278,65.81118,26.4756,37.40113831,1.110849977,39.66893005,35.27183151,6,525000000,48.53036,587000000,47.99251,34300000,53.21512,18300000,61100000,43.36764,46.36844431,48.19643765,47.4889079,2.529513871,42.15126,84.4484787,86.0514679,81.4642868,85.29270935,5.873527445,5.530599959,5.663557596,,17.02732633,14.95490252,15.45133284,44.97253385,44.79030923,44.86097868,53.63208716,51.80385376,52.511361
2017,90.48209,89.56732,91.40409,15.44838047,15.37489033,15.51708031,3.561681464,8.027990341,8.936880112,7.178060055,57400000,30900000,26500000,10,16.53873977,6.269561885,10.25718711,1.413792743,3.496158763,2.689414077,27.80173328,26.39842412,28.69678149,22.85735646,15.83855468,27.30362191,49.34240127,57.76474842,43.99869835,44.69541672,70.59683201,57.64086559,59.97177543,28.779311,42.99645382,36.11728531,5.087040618,2.886713815,3.281328692,2.113298597,38065.30141,1.577320514,3.441342116,2.271502396,10492.25101,7.87906E+13,4.52916503,14.34010983,5.016465258,3.737323203,103.3512,106.2573,104.8531,3.328191236,2.159631163,6.060303313,3.6005652,,,33.20232072,49.98047637,41.86405073,47.42608172,52.56372914,74.64362274,80.0787061,61.02936709,,66.50739075,38.87049729,3392720540,82.63961792,89.79743958,86.22016144,0.971409976,90.26316833,92.91947937,91.62890625,75.98088074,75.22309875,75.62657928,3.838773772,69.87339,69.46187,70.26155,82.31628,80.20668,81.21018,2.9,8.5,19.5,9.3,24.3,43.5,4,88.74743652,89.30470276,89.03546906,6,742000000,48.4537,31800000,65.6305,91.3076,91.06873,91.46274,16.78126,17.72055,23.38904,16.94278,17.15356,66.56356401,25383515,25383515,2.91912,3.43093,3.18294,60.71707916,60.50540161,60.91476822,103.691,89.26194,1.00427,0.99759,103.9195,88.17059,103.4773,90.28247,17.47455,75.34493,66.19644,0.98872,74.90278,66.26728,75.75726,66.13172,26.46477,37.85599899,1.116179943,40.27011871,35.59159851,6,526000000,48.55312,588000000,47.94622,34700000,53.81421,18700000,62200000,42.81232,46.07754809,47.91559175,47.2063993,3.11855013,42.5332,84.48473358,85.99456787,81.60160065,86.10037994,5.757485488,5.421802479,5.551030562,5.701791374,17.08336317,14.84724988,15.3653572,44.6626426,44.42077929,44.51748948,53.9238047,52.08501569,52.79455465
2018,90.45493,89.45854,91.46353,15.38193989,15.35937977,15.40303993,2.414536334,8.053079605,9.015390396,7.152770042,58100000,31400000,26700000,10,16.00124617,5.983893632,9.8791024,1.443597056,3.585442399,2.750601003,27.22024057,25.77965534,28.14098617,22.92817612,15.81864758,27.44238039,49.85223363,58.40343599,44.41666814,44.69617508,70.55125815,57.62057985,57.21096105,28.53978476,42.69282457,35.84710681,4.308912798,2.916653711,3.034060744,1.906817858,38928.87614,1.943358118,2.868318941,1.742889351,11161.61379,8.47443E+13,,,4.184523476,3.345907412,103.5473,106.5963,105.1222,3.056027438,1.928544225,4.405360212,3.114683032,,,32.81260975,49.51007324,41.43431256,47.31302795,52.54926659,74.47411198,80.05215749,60.89113153,,66.49223234,38.85842297,3428933076,82.72289276,89.77503204,86.24694061,0.973399997,90.27436829,92.74111176,91.54566193,76.10382843,75.16603088,75.61876678,2.848402903,69.90675,69.47618,70.31409,81.71106,79.22336,80.40805,,,,,,,4,88.77633667,89.65680695,89.2310791,6,730000000,48.42648,31800000,66.45202,,,,16.87411,17.45058,23.44631,16.9982,17.15988,66.5998209,25905096,25905096,2.85942,3.4028,3.13966,61.18706131,60.9864006,61.37469101,101.1662,89.4124,0.98104,0.98576,100.1658,88.2163,102.1021,90.53157,18.5727,75.96327,66.27183,0.99104,75.60966,66.26578,76.29299,66.2793,26.78742,38.35546112,1.124289989,40.98474884,35.89062881,6,532000000,48.60941,597000000,47.9647,35000000,54.04789,18900000,62500000,42.47584,45.73397917,47.53538233,46.83994298,3.095030458,42.78147,84.43744659,85.31543732,82.69831848,,5.532016448,5.270291666,5.371758651,5.267602036,17.13993773,14.65073258,15.19614829,44.28845173,43.95065234,44.09124964,54.2692307,52.46480026,53.16070047
2019,,,,15.34420013,15.3583498,15.33096981,2.989290309,8.018429756,8.953980446,7.142610073,58400000,31500000,26900000,10,15.4906589,5.694093991,9.493606406,1.450342306,3.538052082,2.726599264,26.75677797,25.31340257,27.68528576,22.66466312,15.4333714,27.23885736,50.58007467,59.25139926,45.07746762,44.68271641,70.41274341,57.54683235,57.20962489,28.47728991,42.27894348,35.6046643,1.090220811,2.482297669,2.33555814,1.257038506,39552.91382,2.280460004,2.551352633,1.470558729,11553.38534,8.86531E+13,,,2.33921571,2.337119465,,,,2.435149578,1.355580345,1.580674421,1.728409524,,,32.74469554,49.09028307,41.1887098,47.2927162,52.61547809,74.33511489,80.02490811,60.81511942,,66.51725933,38.88312884,3467973718,83.02391052,89.93315125,86.478302,0.975130022,90.53730011,92.84609985,91.72953033,76.58725739,75.72640991,76.14389801,0.669413417,,,,,,,,,,,,,4,89.08380127,89.90387726,89.50746918,6,739000000,,32600000,66.86776,,,,,,,,,66.69073505,26044504,26044504,,,,61.51525879,61.23735809,61.77532959,101.5937,,0.98138,0.98637,100.6078,,102.5166,,18.60856,75.97476,,0.99192,75.65589,,76.27212,,26.91336,38.84769821,1.130810022,41.661129,36.21160126,6,,,601000000,,36500000,54.28408,19800000,,,45.37828563,47.18550861,46.48900753,2.911657896,43.19301,81.04679108,81.45995331,80.2129364,77.970047,5.520820024,5.277133204,5.372569334,5.702146215,17.12433123,14.81812949,15.28458239,43.93084699,43.64991519,43.76165021,54.622053,52.81528514,53.51173005
2020,,,,,,,1.641761976,,,,,,,,,,,,,,,,,,,,,,,,,54.85084262,,,,,-8.509323902,,-3.593456238,-4.581978212,39642.81166,,,,,,,,-3.639769075,,,,,,,-9.728660415,,,,,,,,,,,58.64512059,,,,3386103268,,,,,,,,,,,,,,,,,,,,,,,,,,,,6,,,,,,,,,,,,,,26353825,26353825,,,,,,,,,,,,,,,,,,,,,,,,,,,,6,,,,,,,,,,,,,,,,,,,,,6.471280856,,,,,,,,,,
